TEST,./image_set/IMG_20211110_131955.jpg,puck_red,0.5333333333333333,0.7734375,,,0.8770833333333333,0.9390625,,
TEST,./image_set/IMG_20211110_131955.jpg,robot_front,0.6604166666666667,0.490625,,,1.0,0.7234375,,
TEST,./image_set/IMG_20211110_132725.jpg,puck_red,0.0020833333333333333,0.7859375,,,0.08125,0.8953125,,
TEST,./image_set/IMG_20211110_132725.jpg,puck_red,0.5,0.6625,,,0.6854166666666667,0.725,,
TEST,./image_set/IMG_20211110_132725.jpg,puck_off,0.75625,0.6078125,,,0.8770833333333333,0.6484375,,
TEST,./image_set/IMG_20211110_132725.jpg,robot_back,0.6875,0.484375,,,1.0,1.0,,
TEST,./image_set/IMG_20211110_132933.jpg,puck_off,0.36041666666666666,0.8765625,,,0.8166666666666667,1.0,,
TEST,./image_set/IMG_20211110_132933.jpg,puck_red,0.70625,0.6640625,,,0.88125,0.7140625,,
TEST,./image_set/IMG_20211110_132933.jpg,puck_red,0.80625,0.6046875,,,0.9270833333333334,0.6359375,,
TEST,./image_set/IMG_20211110_133155.jpg,robot_back,0.0020833333333333333,0.49375,,,0.4875,0.9265625,,
TEST,./image_set/IMG_20211110_132751.jpg,puck_off,0.38958333333333334,0.7671875,,,0.6958333333333333,0.9109375,,
TEST,./image_set/IMG_20211110_132751.jpg,puck_off,0.25833333333333336,0.65,,,0.38958333333333334,0.69375,,
TEST,./image_set/IMG_20211110_132751.jpg,robot_front,0.3,0.5171875,,,0.46041666666666664,0.6484375,,
TEST,./image_set/IMG_20211110_132733.jpg,robot_back,0.0020833333333333333,0.496875,,,0.6979166666666666,1.0,,
TEST,./image_set/IMG_20211110_132733.jpg,puck_off,0.04583333333333333,0.6171875,,,0.18333333333333332,0.659375,,
TEST,./image_set/IMG_20211110_133217.jpg,robot_back,0.16666666666666666,0.4921875,,,0.7791666666666667,1.0,,
TEST,./image_set/IMG_20211110_132107.jpg,puck_red,0.29375,0.746875,,,0.60625,0.871875,,
TEST,./image_set/IMG_20211110_132759.jpg,robot_front,0.5666666666666667,0.5203125,,,0.725,0.646875,,
TEST,./image_set/IMG_20211110_132759.jpg,puck_off,0.5416666666666666,0.646875,,,0.675,0.690625,,
TEST,./image_set/IMG_20211110_132759.jpg,puck_red,0.76875,0.778125,,,1.0,0.9171875,,
TEST,./image_set/IMG_20211110_131943.jpg,robot_front,0.0020833333333333333,0.4859375,,,0.575,1.0,,
TEST,./image_set/IMG_20211110_132826.jpg,robot_back,0.13541666666666666,0.5015625,,,0.53125,0.7984375,,
TEST,./image_set/IMG_20211110_132826.jpg,puck_red,0.68125,0.6421875,,,0.8333333333333334,0.6921875,,
TEST,./image_set/IMG_20211110_132917.jpg,puck_off,0.4375,0.5875,,,0.5354166666666667,0.61875,,
TEST,./image_set/IMG_20211110_132917.jpg,puck_off,0.54375,0.6234375,,,0.6729166666666667,0.6609375,,
TEST,./image_set/IMG_20211110_132917.jpg,puck_off,0.8770833333333333,0.7109375,,,1.0,0.7859375,,
TEST,./image_set/IMG_20211110_132917.jpg,robot_back,0.6729166666666667,0.5078125,,,0.9020833333333333,0.65,,
TEST,./image_set/IMG_20211110_132019.jpg,robot_back,0.16875,0.50625,,,0.8270833333333333,1.0,,
TEST,./image_set/IMG_20211110_131942.jpg,puck_off,0.29791666666666666,0.7671875,,,0.5458333333333333,0.9046875,,
TEST,./image_set/IMG_20211110_132117.jpg,puck_off,0.0020833333333333333,0.6703125,,,0.2,0.7484375,,
TEST,./image_set/IMG_20211110_132117.jpg,robot_back,0.8229166666666666,0.4765625,,,1.0,0.6359375,,
TEST,./image_set/IMG_20211110_133140.jpg,robot_front,0.6083333333333333,0.5390625,,,0.8770833333333333,0.7390625,,
TEST,./image_set/IMG_20211110_132346.jpg,robot_back,0.0020833333333333333,0.503125,,,0.3333333333333333,0.990625,,
TEST,./image_set/IMG_20211110_132301.jpg,puck_off,0.4479166666666667,0.6328125,,,0.5854166666666667,0.68125,,
TEST,./image_set/IMG_20211110_132301.jpg,robot_back,0.5895833333333333,0.5078125,,,0.7854166666666667,0.6546875,,
TEST,./image_set/IMG_20211110_132016.jpg,puck_red,0.7729166666666667,0.6328125,,,0.95625,0.6984375,,
TEST,./image_set/IMG_20211110_132016.jpg,puck_red,0.5354166666666667,0.871875,,,0.9854166666666667,1.0,,
TEST,./image_set/IMG_20211110_132803.jpg,robot_front,0.75625,0.50625,,,1.0,0.7328125,,
TEST,./image_set/IMG_20211110_132803.jpg,puck_off,0.79375,0.753125,,,1.0,0.884375,,
TEST,./image_set/IMG_20211110_132144.jpg,robot_back,0.10625,0.5125,,,0.9375,1.0,,
TEST,./image_set/IMG_20211110_133223.jpg,puck_off,0.35,0.8203125,,,0.7,0.9953125,,
TEST,./image_set/IMG_20211110_132757.jpg,robot_front,0.1,0.5171875,,,0.23958333333333334,0.6140625,,
TEST,./image_set/IMG_20211110_132757.jpg,puck_off,0.0625,0.6171875,,,0.17708333333333334,0.6421875,,
TEST,./image_set/IMG_20211110_132757.jpg,puck_off,0.1625,0.6515625,,,0.32083333333333336,0.7046875,,
TEST,./image_set/IMG_20211110_132757.jpg,puck_red,0.38125,0.7734375,,,0.6875,0.9125,,
TEST,./image_set/IMG_20211110_132757.jpg,robot_back,0.5895833333333333,0.5125,,,0.89375,0.709375,,
TEST,./image_set/IMG_20211110_131917.jpg,puck_off,0.17083333333333334,0.6515625,,,0.2833333333333333,0.6984375,,
VALIDATION,./image_set/IMG_20211110_131917.jpg,robot_back,0.3729166666666667,0.5578125,,,0.5958333333333333,0.70625,,
VALIDATION,./image_set/IMG_20211110_131917.jpg,puck_off,0.6541666666666667,0.7125,,,0.8354166666666667,0.7796875,,
VALIDATION,./image_set/IMG_20211110_133215.jpg,puck_red,0.25416666666666665,0.765625,,,0.5375,0.8875,,
VALIDATION,./image_set/IMG_20211110_133215.jpg,robot_back,0.6645833333333333,0.4875,,,1.0,1.0,,
VALIDATION,./image_set/IMG_20211110_133142.jpg,robot_front,0.5895833333333333,0.5046875,,,0.8458333333333333,0.6875,,
VALIDATION,./image_set/IMG_20211110_132030.jpg,puck_red,0.90625,0.7171875,,,1.0,0.79375,,
VALIDATION,./image_set/IMG_20211110_131856.jpg,puck_red,0.0375,0.6265625,,,0.21875,0.684375,,
VALIDATION,./image_set/IMG_20211110_131856.jpg,robot_back,0.0020833333333333333,0.475,,,0.20833333333333334,0.6171875,,
VALIDATION,./image_set/IMG_20211110_131926.jpg,puck_off,0.44166666666666665,0.675,,,0.6395833333333333,0.753125,,
VALIDATION,./image_set/IMG_20211110_131926.jpg,robot_back,0.6895833333333333,0.528125,,,1.0,0.946875,,
VALIDATION,./image_set/IMG_20211110_131832.jpg,puck_red,0.0020833333333333333,0.853125,,,0.3645833333333333,1.0,,
VALIDATION,./image_set/IMG_20211110_131920.jpg,puck_red,0.20416666666666666,0.81875,,,0.5791666666666667,0.996875,,
VALIDATION,./image_set/IMG_20211110_131920.jpg,robot_back,0.0020833333333333333,0.4859375,,,0.24583333333333332,0.775,,
VALIDATION,./image_set/IMG_20211110_131939.jpg,robot_front,0.325,0.5,,,0.7895833333333333,0.98125,,
VALIDATION,./image_set/IMG_20211110_133116.jpg,puck_red,0.0020833333333333333,0.734375,,,0.2,0.83125,,
VALIDATION,./image_set/IMG_20211110_133116.jpg,robot_back,0.22916666666666666,0.525,,,0.54375,0.7296875,,
VALIDATION,./image_set/IMG_20211110_133116.jpg,puck_red,0.5020833333333333,0.590625,,,0.5958333333333333,0.6203125,,
VALIDATION,./image_set/IMG_20211110_133000.jpg,robot_front,0.0020833333333333333,0.50625,,,0.45416666666666666,0.88125,,
VALIDATION,./image_set/IMG_20211110_133000.jpg,puck_red,0.5270833333333333,0.8171875,,,0.925,1.0,,
VALIDATION,./image_set/IMG_20211110_133000.jpg,robot_back,0.6979166666666666,0.49375,,,0.9583333333333334,0.6921875,,
VALIDATION,./image_set/IMG_20211110_132045.jpg,robot_back,0.2833333333333333,0.5140625,,,0.7645833333333333,0.8203125,,
VALIDATION,./image_set/IMG_20211110_131839.jpg,puck_red,0.17083333333333334,0.725,,,0.4708333333333333,0.85625,,
VALIDATION,./image_set/IMG_20211110_133145.jpg,puck_red,0.2604166666666667,0.7921875,,,0.58125,0.934375,,
VALIDATION,./image_set/IMG_20211110_133145.jpg,puck_off,0.19166666666666668,0.659375,,,0.3416666666666667,0.7046875,,
VALIDATION,./image_set/IMG_20211110_132046.jpg,robot_back,0.29583333333333334,0.5,,,0.7625,0.8203125,,
VALIDATION,./image_set/IMG_20211110_132938.jpg,puck_off,0.13958333333333334,0.6625,,,0.30416666666666664,0.709375,,
VALIDATION,./image_set/IMG_20211110_132938.jpg,puck_red,0.18333333333333332,0.8328125,,,0.59375,1.0,,
VALIDATION,./image_set/IMG_20211110_132938.jpg,robot_back,0.5895833333333333,0.503125,,,1.0,0.8640625,,
VALIDATION,./image_set/IMG_20211110_132928.jpg,puck_red,0.3625,0.7796875,,,0.7,0.95,,
VALIDATION,./image_set/IMG_20211110_132928.jpg,puck_off,0.5125,0.634375,,,0.6458333333333334,0.6765625,,
VALIDATION,./image_set/IMG_20211110_132928.jpg,puck_off,0.56875,0.5890625,,,0.65,0.6140625,,
VALIDATION,./image_set/IMG_20211110_132928.jpg,robot_back,0.7125,0.5015625,,,0.99375,0.671875,,
VALIDATION,./image_set/IMG_20211110_132205.jpg,robot_back,0.32708333333333334,0.7734375,,,0.5458333333333333,0.9671875,,
VALIDATION,./image_set/IMG_20211110_132205.jpg,puck_red,0.7229166666666667,0.8515625,,,0.8770833333333333,0.934375,,
VALIDATION,./image_set/IMG_20211110_132027.jpg,robot_front,0.6958333333333333,0.51875,,,0.8145833333333333,0.615625,,
VALIDATION,./image_set/IMG_20211110_132027.jpg,puck_off,0.8604166666666667,0.6078125,,,0.9645833333333333,0.6421875,,
VALIDATION,./image_set/IMG_20211110_132027.jpg,puck_off,0.5479166666666667,0.640625,,,0.6895833333333333,0.6859375,,
VALIDATION,./image_set/IMG_20211110_132027.jpg,puck_red,0.8833333333333333,0.88125,,,1.0,1.0,,
VALIDATION,./image_set/IMG_20211110_131837.jpg,robot_front,0.4375,0.5953125,,,1.0,1.0,,
VALIDATION,./image_set/IMG_20211110_132318.jpg,robot_back,0.0020833333333333333,0.5140625,,,0.12291666666666666,0.6671875,,
VALIDATION,./image_set/IMG_20211110_132318.jpg,robot_front,0.15625,0.4734375,,,0.3333333333333333,0.6203125,,
VALIDATION,./image_set/IMG_20211110_131915.jpg,robot_back,0.18333333333333332,0.4859375,,,0.56875,0.771875,,
VALIDATION,./image_set/IMG_20211110_131915.jpg,puck_red,0.6354166666666666,0.56875,,,0.725,0.60625,,
VALIDATION,./image_set/IMG_20211110_131915.jpg,robot_back,0.7895833333333333,0.4859375,,,1.0,0.6234375,,
VALIDATION,./image_set/IMG_20211110_131819.jpg,robot_front,0.1125,0.465625,,,0.2791666666666667,0.6171875,,
VALIDATION,./image_set/IMG_20211110_131819.jpg,puck_red,0.07291666666666667,0.8421875,,,0.5041666666666667,1.0,,
VALIDATION,./image_set/IMG_20211110_131806.jpg,robot_front,0.3333333333333333,0.45625,,,0.7145833333333333,0.73125,,
VALIDATION,./image_set/IMG_20211110_131806.jpg,puck_red,0.6666666666666666,0.5984375,,,0.8229166666666666,0.6546875,,
VALIDATION,./image_set/IMG_20211110_131806.jpg,puck_off,0.2833333333333333,0.8203125,,,0.7166666666666667,1.0,,
VALIDATION,./image_set/IMG_20211110_132957.jpg,puck_off,0.40208333333333335,0.9171875,,,0.8375,1.0,,
VALIDATION,./image_set/IMG_20211110_132957.jpg,robot_front,0.42916666666666664,0.528125,,,0.6875,0.7546875,,
VALIDATION,./image_set/IMG_20211110_132957.jpg,robot_back,0.6416666666666667,0.5125,,,0.79375,0.6609375,,
VALIDATION,./image_set/IMG_20211110_132957.jpg,puck_off,0.8,0.6875,,,1.0,0.7625,,
VALIDATION,./image_set/IMG_20211110_132957.jpg,puck_off,0.8833333333333333,0.621875,,,1.0,0.6609375,,
VALIDATION,./image_set/IMG_20211110_132109.jpg,robot_front,0.0020833333333333333,0.4796875,,,0.63125,1.0,,
VALIDATION,./image_set/IMG_20211110_132341.jpg,puck_off,0.5354166666666667,0.7359375,,,0.8229166666666666,0.8609375,,
VALIDATION,./image_set/IMG_20211110_132936.jpg,robot_back,0.0020833333333333333,0.515625,,,0.5125,0.8484375,,
VALIDATION,./image_set/IMG_20211110_133120.jpg,robot_back,0.0020833333333333333,0.46875,,,0.38125,0.8125,,
VALIDATION,./image_set/IMG_20211110_133120.jpg,puck_red,0.027083333333333334,0.6203125,,,0.11041666666666666,0.6828125,,
VALIDATION,./image_set/IMG_20211110_133120.jpg,robot_front,0.0020833333333333333,0.4671875,,,0.09583333333333334,0.5890625,,
VALIDATION,./image_set/IMG_20211110_132745.jpg,robot_front,0.0020833333333333333,0.51875,,,0.40625,0.8109375,,
VALIDATION,./image_set/IMG_20211110_131925.jpg,robot_back,0.2125,0.509375,,,0.6854166666666667,0.853125,,
VALIDATION,./image_set/IMG_20211110_131925.jpg,puck_red,0.0125,0.678125,,,0.20625,0.746875,,
VALIDATION,./image_set/IMG_20211110_132943.jpg,puck_red,0.4979166666666667,0.7203125,,,0.75,0.8234375,,
VALIDATION,./image_set/IMG_20211110_133205.jpg,robot_back,0.4041666666666667,0.50625,,,0.8395833333333333,0.80625,,
VALIDATION,./image_set/IMG_20211110_133205.jpg,puck_red,0.6895833333333333,0.653125,,,0.84375,0.7140625,,
VALIDATION,./image_set/IMG_20211110_133205.jpg,puck_red,0.5583333333333333,0.8890625,,,1.0,1.0,,
VALIDATION,./image_set/IMG_20211110_132128.jpg,puck_red,0.4583333333333333,0.6484375,,,0.6395833333333333,0.7078125,,
VALIDATION,./image_set/IMG_20211110_132742.jpg,puck_off,0.55,0.9328125,,,0.9729166666666667,1.0,,
VALIDATION,./image_set/IMG_20211110_131822.jpg,robot_front,0.04791666666666667,0.4734375,,,0.2833333333333333,0.653125,,
VALIDATION,./image_set/IMG_20211110_132804.jpg,robot_front,0.75,0.5015625,,,1.0,0.728125,,
VALIDATION,./image_set/IMG_20211110_132804.jpg,puck_red,0.7916666666666666,0.74375,,,1.0,0.8875,,
VALIDATION,./image_set/IMG_20211110_132342.jpg,puck_red,0.5395833333333333,0.7390625,,,0.8229166666666666,0.8609375,,
VALIDATION,./image_set/IMG_20211110_132815.jpg,puck_off,0.6291666666666667,0.8421875,,,1.0,1.0,,
VALIDATION,./image_set/IMG_20211110_132054.jpg,robot_front,0.42916666666666664,0.50625,,,0.63125,0.671875,,
VALIDATION,./image_set/IMG_20211110_132054.jpg,puck_off,0.7375,0.675,,,0.9458333333333333,0.74375,,
VALIDATION,./image_set/IMG_20211110_132813.jpg,puck_off,0.38958333333333334,0.828125,,,0.7979166666666667,1.0,,
VALIDATION,./image_set/IMG_20211110_132926.jpg,robot_front,0.175,0.49375,,,0.7479166666666667,0.9328125,,
VALIDATION,./image_set/IMG_20211110_132926.jpg,robot_back,0.0020833333333333333,0.490625,,,0.22708333333333333,0.69375,,
VALIDATION,./image_set/IMG_20211110_132748.jpg,puck_off,0.0020833333333333333,0.865625,,,0.3333333333333333,1.0,,
VALIDATION,./image_set/IMG_20211110_131823.jpg,puck_red,0.010416666666666666,0.55625,,,0.16041666666666668,0.5953125,,
VALIDATION,./image_set/IMG_20211110_131823.jpg,robot_front,0.17291666666666666,0.4546875,,,0.4583333333333333,0.6734375,,
VALIDATION,./image_set/IMG_20211110_132821.jpg,puck_off,0.6354166666666666,0.8453125,,,1.0,1.0,,
VALIDATION,./image_set/IMG_20211110_132836.jpg,robot_back,0.0020833333333333333,0.515625,,,0.70625,1.0,,
VALIDATION,./image_set/IMG_20211110_132836.jpg,robot_back,0.74375,0.5015625,,,0.9666666666666667,0.6359375,,
VALIDATION,./image_set/IMG_20211110_132836.jpg,puck_red,0.8708333333333333,0.7390625,,,1.0,0.8546875,,
VALIDATION,./image_set/IMG_20211110_132309.jpg,robot_front,0.0375,0.45625,,,0.22708333333333333,0.6078125,,
VALIDATION,./image_set/IMG_20211110_132309.jpg,puck_off,0.5875,0.9296875,,,0.9625,1.0,,
VALIDATION,./image_set/IMG_20211110_132147.jpg,robot_back,0.5645833333333333,0.4984375,,,1.0,1.0,,
VALIDATION,./image_set/IMG_20211110_132827.jpg,puck_off,0.4166666666666667,0.765625,,,0.75,0.9328125,,
VALIDATION,./image_set/IMG_20211110_132953.jpg,puck_red,0.05625,0.753125,,,0.3375,0.88125,,
VALIDATION,./image_set/IMG_20211110_132953.jpg,robot_front,0.29791666666666666,0.5015625,,,0.5020833333333333,0.6765625,,
VALIDATION,./image_set/IMG_20211110_132953.jpg,puck_red,0.58125,0.634375,,,0.7333333333333333,0.6765625,,
VALIDATION,./image_set/IMG_20211110_132953.jpg,robot_back,0.5604166666666667,0.4953125,,,0.6895833333333333,0.60625,,
TRAINING,./image_set/IMG_20211110_132953.jpg,puck_off,0.7520833333333333,0.58125,,,0.8541666666666666,0.6109375,,
TRAINING,./image_set/IMG_20211110_132053.jpg,puck_off,0.45208333333333334,0.8140625,,,0.8270833333333333,1.0,,
TRAINING,./image_set/IMG_20211110_132053.jpg,robot_front,0.7895833333333333,0.50625,,,0.9895833333333334,0.6703125,,
TRAINING,./image_set/IMG_20211110_133156.jpg,robot_back,0.48125,0.5046875,,,1.0,0.95625,,
TRAINING,./image_set/IMG_20211110_132834.jpg,puck_red,0.035416666666666666,0.734375,,,0.3229166666666667,0.8359375,,
TRAINING,./image_set/IMG_20211110_132834.jpg,puck_off,0.15,0.625,,,0.30833333333333335,0.66875,,
TRAINING,./image_set/IMG_20211110_132834.jpg,puck_off,0.21875,0.5875,,,0.32083333333333336,0.61875,,
TRAINING,./image_set/IMG_20211110_132336.jpg,robot_front,0.14375,0.4796875,,,0.4875,0.7203125,,
TRAINING,./image_set/IMG_20211110_132059.jpg,robot_back,0.71875,0.5015625,,,1.0,0.8234375,,
TRAINING,./image_set/IMG_20211110_133212.jpg,robot_back,0.0020833333333333333,0.4984375,,,0.43125,1.0,,
TRAINING,./image_set/IMG_20211110_131829.jpg,robot_front,0.11458333333333333,0.4734375,,,0.83125,1.0,,
TRAINING,./image_set/IMG_20211110_132950.jpg,robot_front,0.0020833333333333333,0.503125,,,0.3333333333333333,0.8296875,,
TRAINING,./image_set/IMG_20211110_132950.jpg,puck_off,0.44375,0.75625,,,0.7458333333333333,0.8828125,,
TRAINING,./image_set/IMG_20211110_132950.jpg,robot_back,0.4979166666666667,0.5,,,0.70625,0.66875,,
TRAINING,./image_set/IMG_20211110_132950.jpg,puck_red,0.7791666666666667,0.6390625,,,0.9458333333333333,0.6875,,
TRAINING,./image_set/IMG_20211110_132041.jpg,puck_off,0.2791666666666667,0.7046875,,,0.5354166666666667,0.821875,,
TRAINING,./image_set/IMG_20211110_132041.jpg,robot_front,0.45208333333333334,0.4671875,,,0.60625,0.5921875,,
TRAINING,./image_set/IMG_20211110_132041.jpg,puck_red,0.68125,0.571875,,,0.8208333333333333,0.615625,,
TRAINING,./image_set/IMG_20211110_132136.jpg,puck_red,0.3229166666666667,0.7953125,,,0.6854166666666667,0.9625,,
TRAINING,./image_set/IMG_20211110_132136.jpg,puck_red,0.3104166666666667,0.615625,,,0.44166666666666665,0.6609375,,
TRAINING,./image_set/IMG_20211110_132303.jpg,puck_red,0.2,0.7890625,,,0.55625,0.9515625,,
TRAINING,./image_set/IMG_20211110_132343.jpg,robot_front,0.09375,0.4890625,,,0.7270833333333333,0.9765625,,
TRAINING,./image_set/IMG_20211110_132946.jpg,robot_front,0.3125,0.5703125,,,0.5958333333333333,0.8421875,,
TRAINING,./image_set/IMG_20211110_132946.jpg,robot_back,0.525,0.55,,,0.6979166666666666,0.690625,,
TRAINING,./image_set/IMG_20211110_132946.jpg,puck_red,0.7666666666666667,0.659375,,,0.9020833333333333,0.7015625,,
TRAINING,./image_set/IMG_20211110_132946.jpg,puck_red,0.7270833333333333,0.746875,,,0.9458333333333333,0.8296875,,
TRAINING,./image_set/IMG_20211110_132931.jpg,puck_off,0.0020833333333333333,0.7515625,,,0.26458333333333334,0.8453125,,
TRAINING,./image_set/IMG_20211110_132931.jpg,puck_off,0.3375,0.6421875,,,0.46458333333333335,0.68125,,
TRAINING,./image_set/IMG_20211110_132931.jpg,robot_front,0.41458333333333336,0.525,,,0.8541666666666666,0.9046875,,
TRAINING,./image_set/IMG_20211110_132929.jpg,robot_front,0.4666666666666667,0.50625,,,0.8395833333333333,0.8078125,,
TRAINING,./image_set/IMG_20211110_132929.jpg,puck_red,0.47708333333333336,0.578125,,,0.5479166666666667,0.6109375,,
TRAINING,./image_set/IMG_20211110_132929.jpg,puck_red,0.37083333333333335,0.6171875,,,0.48541666666666666,0.653125,,
TRAINING,./image_set/IMG_20211110_132929.jpg,puck_off,0.11041666666666666,0.7,,,0.325,0.7796875,,
TRAINING,./image_set/IMG_20211110_132126.jpg,robot_front,0.0625,0.496875,,,0.325,0.6953125,,
TRAINING,./image_set/IMG_20211110_132126.jpg,puck_off,0.50625,0.6296875,,,0.6375,0.6703125,,
TRAINING,./image_set/IMG_20211110_132105.jpg,robot_front,0.6979166666666666,0.5109375,,,0.8958333333333334,0.646875,,
TRAINING,./image_set/IMG_20211110_132105.jpg,puck_off,0.8270833333333333,0.6515625,,,1.0,0.7140625,,
TRAINING,./image_set/IMG_20211110_132809.jpg,robot_back,0.1,0.5109375,,,0.5354166666666667,0.8703125,,
TRAINING,./image_set/IMG_20211110_132758.jpg,puck_off,0.5333333333333333,0.7609375,,,0.8958333333333334,0.93125,,
TRAINING,./image_set/IMG_20211110_132758.jpg,robot_back,0.7458333333333333,0.471875,,,1.0,0.69375,,
TRAINING,./image_set/IMG_20211110_132758.jpg,puck_off,0.3125,0.6171875,,,0.4666666666666667,0.66875,,
TRAINING,./image_set/IMG_20211110_132758.jpg,puck_red,0.20416666666666666,0.5734375,,,0.3229166666666667,0.5984375,,
TRAINING,./image_set/IMG_20211110_132758.jpg,robot_front,0.24583333333333332,0.4734375,,,0.375,0.578125,,
TRAINING,./image_set/IMG_20211110_131935.jpg,robot_back,0.30416666666666664,0.5734375,,,0.8166666666666667,0.9984375,,
TRAINING,./image_set/IMG_20211110_133138.jpg,puck_off,0.3125,0.775,,,0.6,0.909375,,
TRAINING,./image_set/IMG_20211110_133110.jpg,puck_red,0.11875,0.7421875,,,0.3875,0.8375,,
TRAINING,./image_set/IMG_20211110_133110.jpg,robot_back,0.22083333333333333,0.5046875,,,0.5083333333333333,0.70625,,
TRAINING,./image_set/IMG_20211110_133110.jpg,puck_red,0.225,0.6140625,,,0.3541666666666667,0.6609375,,
TRAINING,./image_set/IMG_20211110_133110.jpg,puck_red,0.30625,0.58125,,,0.35833333333333334,0.6125,,
TRAINING,./image_set/IMG_20211110_133110.jpg,robot_front,0.075,0.5109375,,,0.20416666666666666,0.6,,
TRAINING,./image_set/IMG_20211110_132149.jpg,puck_off,0.0020833333333333333,0.909375,,,0.25,1.0,,
TRAINING,./image_set/IMG_20211110_132149.jpg,puck_off,0.3145833333333333,0.634375,,,0.4583333333333333,0.68125,,
TRAINING,./image_set/IMG_20211110_132149.jpg,puck_red,0.027083333333333334,0.6015625,,,0.11458333333333333,0.63125,,
TRAINING,./image_set/IMG_20211110_131948.jpg,puck_red,0.6354166666666666,0.5921875,,,0.79375,0.65,,
TRAINING,./image_set/IMG_20211110_131948.jpg,robot_front,0.2604166666666667,0.4640625,,,0.60625,0.7265625,,
TRAINING,./image_set/IMG_20211110_131948.jpg,puck_off,0.03333333333333333,0.796875,,,0.41041666666666665,0.98125,,
TRAINING,./image_set/IMG_20211110_131850.jpg,robot_back,0.33125,0.503125,,,0.7333333333333333,0.7828125,,
TRAINING,./image_set/IMG_20211110_133201.jpg,robot_back,0.25625,0.5015625,,,0.5,0.678125,,
TRAINING,./image_set/IMG_20211110_133201.jpg,puck_off,0.43333333333333335,0.6828125,,,0.6270833333333333,0.7546875,,
TRAINING,./image_set/IMG_20211110_132833.jpg,puck_red,0.0020833333333333333,0.5890625,,,0.0625,0.6234375,,
TRAINING,./image_set/IMG_20211110_132833.jpg,puck_off,0.0020833333333333333,0.634375,,,0.0375,0.6796875,,
TRAINING,./image_set/IMG_20211110_132833.jpg,puck_off,0.0020833333333333333,0.753125,,,0.06458333333333334,0.8484375,,
TRAINING,./image_set/IMG_20211110_131844.jpg,puck_red,0.07708333333333334,0.8546875,,,0.525,1.0,,
TRAINING,./image_set/IMG_20211110_133204.jpg,robot_back,0.07916666666666666,0.5109375,,,0.3541666666666667,0.7265625,,
TRAINING,./image_set/IMG_20211110_133204.jpg,puck_red,0.37916666666666665,0.690625,,,0.575,0.7609375,,
TRAINING,./image_set/IMG_20211110_131813.jpg,robot_back,0.0020833333333333333,0.471875,,,0.40625,0.9640625,,
TRAINING,./image_set/IMG_20211110_131813.jpg,puck_off,0.15416666666666667,0.6390625,,,0.29583333333333334,0.6953125,,
TRAINING,./image_set/IMG_20211110_131813.jpg,puck_off,0.48333333333333334,0.5828125,,,0.5875,0.6109375,,
TRAINING,./image_set/IMG_20211110_131813.jpg,robot_front,0.7125,0.503125,,,0.91875,0.6578125,,
TRAINING,./image_set/IMG_20211110_132811.jpg,puck_off,0.0020833333333333333,0.8296875,,,0.35,1.0,,
TRAINING,./image_set/IMG_20211110_132811.jpg,robot_back,0.68125,0.49375,,,1.0,0.8984375,,
TRAINING,./image_set/IMG_20211110_133150.jpg,puck_red,0.30833333333333335,0.846875,,,0.6979166666666666,1.0,,
TRAINING,./image_set/IMG_20211110_132949.jpg,robot_front,0.09791666666666667,0.5140625,,,0.69375,1.0,,
TRAINING,./image_set/IMG_20211110_132949.jpg,robot_back,0.71875,0.5109375,,,0.98125,0.728125,,
TRAINING,./image_set/IMG_20211110_132321.jpg,robot_back,0.0020833333333333333,0.4671875,,,0.2916666666666667,0.7703125,,
TRAINING,./image_set/IMG_20211110_132321.jpg,robot_front,0.38958333333333334,0.475,,,0.6229166666666667,0.659375,,
TRAINING,./image_set/IMG_20211110_132300.jpg,robot_back,0.0020833333333333333,0.490625,,,0.21666666666666667,0.65625,,
TRAINING,./image_set/IMG_20211110_132955.jpg,puck_red,0.06041666666666667,0.75625,,,0.35,0.8703125,,
TRAINING,./image_set/IMG_20211110_132955.jpg,robot_front,0.3125,0.515625,,,0.5020833333333333,0.6796875,,
TRAINING,./image_set/IMG_20211110_132955.jpg,robot_back,0.5583333333333333,0.5125,,,0.7104166666666667,0.628125,,
TRAINING,./image_set/IMG_20211110_132955.jpg,puck_off,0.5916666666666667,0.6515625,,,0.7395833333333334,0.696875,,
TRAINING,./image_set/IMG_20211110_132955.jpg,puck_off,0.7604166666666666,0.6109375,,,0.8625,0.634375,,
TRAINING,./image_set/IMG_20211110_132925.jpg,puck_off,0.5145833333333333,0.828125,,,0.9041666666666667,1.0,,
TRAINING,./image_set/IMG_20211110_132925.jpg,puck_off,0.6416666666666667,0.65,,,0.8020833333333334,0.7046875,,
TRAINING,./image_set/IMG_20211110_132925.jpg,puck_off,0.6875,0.6015625,,,0.7958333333333333,0.6296875,,
TRAINING,./image_set/IMG_20211110_132925.jpg,robot_back,0.8520833333333333,0.4984375,,,1.0,0.7125,,
TRAINING,./image_set/IMG_20211110_131802.jpg,puck_red,0.0020833333333333333,0.703125,,,0.12916666666666668,0.815625,,
TRAINING,./image_set/IMG_20211110_131802.jpg,robot_back,0.0020833333333333333,0.459375,,,0.17291666666666666,0.6625,,
TRAINING,./image_set/IMG_20211110_131802.jpg,puck_off,0.16041666666666668,0.578125,,,0.28541666666666665,0.6171875,,
TRAINING,./image_set/IMG_20211110_131802.jpg,puck_red,0.5729166666666666,0.5546875,,,0.6604166666666667,0.5890625,,
TRAINING,./image_set/IMG_20211110_131802.jpg,robot_front,0.69375,0.4796875,,,0.8916666666666667,0.634375,,
TRAINING,./image_set/IMG_20211110_131826.jpg,puck_red,0.16875,0.6625,,,0.37083333333333335,0.7375,,
TRAINING,./image_set/IMG_20211110_131826.jpg,puck_red,0.9270833333333334,0.64375,,,1.0,0.696875,,
TRAINING,./image_set/IMG_20211110_133117.jpg,puck_red,0.61875,0.709375,,,0.8541666666666666,0.803125,,
TRAINING,./image_set/IMG_20211110_132829.jpg,puck_off,0.41458333333333336,0.7859375,,,0.75625,0.934375,,
TRAINING,./image_set/IMG_20211110_132337.jpg,robot_front,0.6541666666666667,0.4453125,,,1.0,0.7671875,,
TRAINING,./image_set/IMG_20211110_132337.jpg,robot_back,0.0020833333333333333,0.4546875,,,0.3145833333333333,0.715625,,
TRAINING,./image_set/IMG_20211110_133159.jpg,robot_back,0.31666666666666665,0.5171875,,,0.5541666666666667,0.6625,,
TRAINING,./image_set/IMG_20211110_133159.jpg,puck_off,0.48125,0.671875,,,0.6520833333333333,0.7234375,,
TRAINING,./image_set/IMG_20211110_133159.jpg,puck_off,0.40208333333333335,0.896875,,,0.8479166666666667,1.0,,
TRAINING,./image_set/IMG_20211110_132151.jpg,puck_red,0.22291666666666668,0.6,,,0.3541666666666667,0.646875,,
TRAINING,./image_set/IMG_20211110_132151.jpg,puck_off,0.5395833333333333,0.7359375,,,0.8395833333333333,0.8703125,,
TRAINING,./image_set/IMG_20211110_131852.jpg,puck_red,0.3645833333333333,0.5859375,,,0.46875,0.6296875,,
TRAINING,./image_set/IMG_20211110_131852.jpg,robot_back,0.5020833333333333,0.50625,,,0.70625,0.6390625,,
TRAINING,./image_set/IMG_20211110_131852.jpg,puck_off,0.6416666666666667,0.640625,,,0.7979166666666667,0.69375,,
TRAINING,./image_set/IMG_20211110_131852.jpg,puck_red,0.11666666666666667,0.921875,,,0.53125,1.0,,
TRAINING,./image_set/IMG_20211110_132056.jpg,puck_red,0.16041666666666668,0.646875,,,0.3416666666666667,0.7046875,,
TRAINING,./image_set/IMG_20211110_132710.jpg,puck_red,0.0020833333333333333,0.8015625,,,0.2125,0.953125,,
TRAINING,./image_set/IMG_20211110_132710.jpg,robot_back,0.15833333333333333,0.51875,,,0.45416666666666666,0.7109375,,
TRAINING,./image_set/IMG_20211110_132921.jpg,puck_red,0.725,0.5875,,,0.8333333333333334,0.628125,,
TRAINING,./image_set/IMG_20211110_132921.jpg,puck_red,0.8729166666666667,0.65,,,1.0,0.696875,,
TRAINING,./image_set/IMG_20211110_132923.jpg,robot_back,0.0020833333333333333,0.5,,,0.32708333333333334,0.7109375,,
TRAINING,./image_set/IMG_20211110_132923.jpg,robot_back,0.5791666666666667,0.4921875,,,1.0,0.8359375,,
TRAINING,./image_set/IMG_20211110_132923.jpg,puck_off,0.32083333333333336,0.86875,,,0.75,1.0,,
TRAINING,./image_set/IMG_20211110_132801.jpg,robot_front,0.20833333333333334,0.5203125,,,0.43333333333333335,0.6984375,,
TRAINING,./image_set/IMG_20211110_132801.jpg,puck_off,0.20625,0.715625,,,0.44166666666666665,0.8046875,,
TRAINING,./image_set/IMG_20211110_133130.jpg,robot_front,0.0020833333333333333,0.5078125,,,0.5729166666666666,1.0,,
TRAINING,./image_set/IMG_20211110_132932.jpg,puck_red,0.0020833333333333333,0.8171875,,,0.15208333333333332,0.984375,,
TRAINING,./image_set/IMG_20211110_132932.jpg,puck_red,0.3458333333333333,0.6328125,,,0.49375,0.6828125,,
TRAINING,./image_set/IMG_20211110_132932.jpg,robot_front,0.36875,0.465625,,,1.0,1.0,,
TRAINING,./image_set/IMG_20211110_133131.jpg,puck_red,0.09583333333333334,0.93125,,,0.50625,1.0,,
TRAINING,./image_set/IMG_20211110_133128.jpg,robot_front,0.3645833333333333,0.496875,,,0.5520833333333334,0.6328125,,
TRAINING,./image_set/IMG_20211110_133128.jpg,puck_red,0.7229166666666667,0.6203125,,,0.8645833333333334,0.659375,,
TRAINING,./image_set/IMG_20211110_133128.jpg,puck_off,0.8166666666666667,0.7296875,,,1.0,0.840625,,
TRAINING,./image_set/IMG_20211110_131833.jpg,puck_red,0.5625,0.6859375,,,0.7583333333333333,0.7640625,,
TRAINING,./image_set/IMG_20211110_131941.jpg,robot_front,0.34791666666666665,0.5203125,,,0.9229166666666667,1.0,,
TRAINING,./image_set/IMG_20211110_131941.jpg,puck_off,0.05416666666666667,0.65625,,,0.25625,0.728125,,
TRAINING,./image_set/IMG_20211110_131825.jpg,puck_off,0.18541666666666667,0.64375,,,0.31666666666666665,0.6953125,,
TRAINING,./image_set/IMG_20211110_131825.jpg,robot_front,0.29583333333333334,0.53125,,,0.6229166666666667,0.8109375,,
TRAINING,./image_set/IMG_20211110_131810.jpg,robot_back,0.0020833333333333333,0.4609375,,,0.2625,0.759375,,
TRAINING,./image_set/IMG_20211110_131810.jpg,puck_red,0.06666666666666667,0.6046875,,,0.2125,0.6515625,,
TRAINING,./image_set/IMG_20211110_131810.jpg,puck_off,0.2625,0.7875,,,0.6229166666666667,0.971875,,
TRAINING,./image_set/IMG_20211110_131810.jpg,puck_red,0.4166666666666667,0.559375,,,0.5104166666666666,0.59375,,
TRAINING,./image_set/IMG_20211110_131810.jpg,robot_front,0.61875,0.490625,,,0.79375,0.6296875,,
TRAINING,./image_set/IMG_20211110_132351.jpg,robot_back,0.0020833333333333333,0.5,,,0.42291666666666666,0.9421875,,
TRAINING,./image_set/IMG_20211110_132101.jpg,puck_red,0.18958333333333333,0.921875,,,0.6354166666666666,1.0,,
TRAINING,./image_set/IMG_20211110_132101.jpg,robot_front,0.81875,0.5,,,1.0,0.684375,,
TRAINING,./image_set/IMG_20211110_132106.jpg,puck_red,0.49166666666666664,0.671875,,,0.7208333333333333,0.7390625,,
TRAINING,./image_set/IMG_20211110_132837.jpg,robot_back,0.0020833333333333333,0.51875,,,0.70625,1.0,,
TRAINING,./image_set/IMG_20211110_132837.jpg,robot_back,0.7791666666666667,0.5140625,,,0.9625,0.6359375,,
TRAINING,./image_set/IMG_20211110_132837.jpg,puck_off,0.8770833333333333,0.74375,,,1.0,0.86875,,
TRAINING,./image_set/IMG_20211110_133210.jpg,robot_back,0.73125,0.51875,,,1.0,1.0,,
TRAINING,./image_set/IMG_20211110_132156.jpg,robot_front,0.0020833333333333333,0.5140625,,,0.32083333333333336,0.978125,,
TRAINING,./image_set/IMG_20211110_133125.jpg,robot_front,0.2125,0.4984375,,,0.3541666666666667,0.60625,,
TRAINING,./image_set/IMG_20211110_133125.jpg,puck_off,0.47291666666666665,0.5921875,,,0.5708333333333333,0.621875,,
TRAINING,./image_set/IMG_20211110_133125.jpg,puck_off,0.4354166666666667,0.6375,,,0.5770833333333333,0.6890625,,
TRAINING,./image_set/IMG_20211110_133125.jpg,robot_front,0.5083333333333333,0.5,,,0.9354166666666667,0.809375,,
TRAINING,./image_set/IMG_20211110_133125.jpg,puck_red,0.5166666666666667,0.890625,,,0.975,1.0,,
TRAINING,./image_set/IMG_20211110_132035.jpg,robot_back,0.0020833333333333333,0.50625,,,0.1875,0.7703125,,
TRAINING,./image_set/IMG_20211110_133118.jpg,puck_off,0.29583333333333334,0.8546875,,,0.7291666666666666,1.0,,
TRAINING,./image_set/IMG_20211110_133118.jpg,robot_front,0.84375,0.4703125,,,1.0,0.5875,,
TRAINING,./image_set/IMG_20211110_133118.jpg,robot_back,0.7625,0.5484375,,,1.0,0.8328125,,
TRAINING,./image_set/IMG_20211110_132339.jpg,robot_back,0.29583333333333334,0.4875,,,0.6354166666666666,0.75625,,
TRAINING,./image_set/IMG_20211110_132339.jpg,puck_off,0.0125,0.66875,,,0.24583333333333332,0.7546875,,
TRAINING,./image_set/IMG_20211110_132947.jpg,robot_front,0.06458333333333334,0.521875,,,0.575,0.9671875,,
TRAINING,./image_set/IMG_20211110_132947.jpg,puck_off,0.5416666666666666,0.6203125,,,0.66875,0.66875,,
TRAINING,./image_set/IMG_20211110_132947.jpg,puck_red,0.66875,0.728125,,,0.9354166666666667,0.8328125,,
TRAINING,./image_set/IMG_20211110_132752.jpg,robot_front,0.36666666666666664,0.5421875,,,0.5208333333333334,0.6609375,,
TRAINING,./image_set/IMG_20211110_132752.jpg,puck_red,0.3333333333333333,0.6609375,,,0.47291666666666665,0.709375,,
TRAINING,./image_set/IMG_20211110_132752.jpg,puck_off,0.49375,0.753125,,,0.7375,0.859375,,
TRAINING,./image_set/IMG_20211110_133135.jpg,robot_back,0.33125,0.4359375,,,1.0,1.0,,
TRAINING,./image_set/IMG_20211110_132744.jpg,puck_red,0.5916666666666667,0.846875,,,1.0,1.0,,
TRAINING,./image_set/IMG_20211110_132744.jpg,robot_back,0.0020833333333333333,0.4953125,,,0.15833333333333333,0.8265625,,
TRAINING,./image_set/IMG_20211110_132817.jpg,puck_off,0.6375,0.840625,,,1.0,1.0,,
TRAINING,./image_set/IMG_20211110_132958.jpg,robot_front,0.0020833333333333333,0.5203125,,,0.15625,0.778125,,
TRAINING,./image_set/IMG_20211110_132958.jpg,robot_back,0.09166666666666666,0.5078125,,,0.2833333333333333,0.6640625,,
TRAINING,./image_set/IMG_20211110_132958.jpg,puck_off,0.29583333333333334,0.6859375,,,0.4666666666666667,0.75,,
TRAINING,./image_set/IMG_20211110_132958.jpg,puck_red,0.35,0.6234375,,,0.45208333333333334,0.65,,
TRAINING,./image_set/IMG_20211110_131835.jpg,robot_front,0.24583333333333332,0.503125,,,0.69375,0.953125,,
TRAINING,./image_set/IMG_20211110_132721.jpg,puck_red,0.26666666666666666,0.7921875,,,0.6604166666666667,1.0,,
TRAINING,./image_set/IMG_20211110_132721.jpg,puck_off,0.56875,0.634375,,,0.7291666666666666,0.684375,,
TRAINING,./image_set/IMG_20211110_132721.jpg,puck_off,0.61875,0.58125,,,0.71875,0.60625,,
TRAINING,./image_set/IMG_20211110_132721.jpg,robot_front,0.6979166666666666,0.4875,,,0.8375,0.5890625,,
TRAINING,./image_set/IMG_20211110_132749.jpg,puck_red,0.0020833333333333333,0.8625,,,0.3333333333333333,1.0,,
TRAINING,./image_set/IMG_20211110_133158.jpg,puck_red,0.0020833333333333333,0.88125,,,0.36875,1.0,,
TRAINING,./image_set/IMG_20211110_133158.jpg,puck_red,0.04375,0.675,,,0.23541666666666666,0.7328125,,
TRAINING,./image_set/IMG_20211110_133158.jpg,robot_back,0.0020833333333333333,0.5296875,,,0.12708333333333333,0.68125,,
TRAINING,./image_set/IMG_20211110_132319.jpg,robot_front,0.2,0.4703125,,,0.40208333333333335,0.621875,,
TRAINING,./image_set/IMG_20211110_132319.jpg,robot_back,0.0020833333333333333,0.509375,,,0.15416666666666667,0.7015625,,
TRAINING,./image_set/IMG_20211110_131947.jpg,robot_front,0.22916666666666666,0.49375,,,0.76875,0.9234375,,
TRAINING,./image_set/IMG_20211110_131947.jpg,puck_off,0.7791666666666667,0.6703125,,,0.99375,0.7515625,,
TRAINING,./image_set/IMG_20211110_132756.jpg,robot_front,0.09375,0.5140625,,,0.23333333333333334,0.6171875,,
TRAINING,./image_set/IMG_20211110_132756.jpg,puck_red,0.0625,0.6109375,,,0.19791666666666666,0.6421875,,
TRAINING,./image_set/IMG_20211110_132756.jpg,puck_red,0.15625,0.6546875,,,0.3333333333333333,0.709375,,
TRAINING,./image_set/IMG_20211110_132756.jpg,puck_off,0.38333333333333336,0.771875,,,0.6916666666666667,0.915625,,
TRAINING,./image_set/IMG_20211110_132756.jpg,robot_back,0.60625,0.5015625,,,0.8854166666666666,0.70625,,
TRAINING,./image_set/IMG_20211110_132805.jpg,puck_red,0.42291666666666666,0.9390625,,,0.8041666666666667,1.0,,
TRAINING,./image_set/IMG_20211110_131827.jpg,robot_front,0.0020833333333333333,0.490625,,,0.4625,1.0,,
TRAINING,./image_set/IMG_20211110_131827.jpg,puck_off,0.7395833333333334,0.7171875,,,0.9833333333333333,0.828125,,
TRAINING,./image_set/IMG_20211110_132935.jpg,puck_red,0.0020833333333333333,0.6234375,,,0.11041666666666666,0.6578125,,
TRAINING,./image_set/IMG_20211110_132935.jpg,puck_off,0.0020833333333333333,0.696875,,,0.17916666666666667,0.7671875,,
TRAINING,./image_set/IMG_20211110_132935.jpg,robot_back,0.2520833333333333,0.50625,,,0.5583333333333333,0.70625,,
TRAINING,./image_set/IMG_20211110_132935.jpg,robot_back,0.7854166666666667,0.5921875,,,1.0,1.0,,
TRAINING,./image_set/IMG_20211110_132402.jpg,puck_red,0.24166666666666667,0.8578125,,,0.6916666666666667,1.0,,
TRAINING,./image_set/IMG_20211110_131804.jpg,puck_off,0.09583333333333334,0.575,,,0.20416666666666666,0.6109375,,
TRAINING,./image_set/IMG_20211110_131804.jpg,robot_front,0.23958333333333334,0.4859375,,,0.46041666666666664,0.6546875,,
TRAINING,./image_set/IMG_20211110_132305.jpg,puck_off,0.85625,0.45625,,,1.0,0.5625,,
TRAINING,./image_set/IMG_20211110_132831.jpg,puck_red,0.05,0.7328125,,,0.22291666666666668,0.8046875,,
TRAINING,./image_set/IMG_20211110_132831.jpg,puck_off,0.3,0.909375,,,0.56875,1.0,,
TRAINING,./image_set/IMG_20211110_132025.jpg,robot_front,0.32916666666666666,0.49375,,,0.44375,0.590625,,
TRAINING,./image_set/IMG_20211110_132025.jpg,puck_off,0.4895833333333333,0.58125,,,0.575,0.6046875,,
TRAINING,./image_set/IMG_20211110_132025.jpg,puck_off,0.17083333333333334,0.6203125,,,0.32708333333333334,0.6671875,,
TRAINING,./image_set/IMG_20211110_132025.jpg,puck_red,0.5,0.809375,,,0.8645833333333334,0.99375,,
TRAINING,./image_set/IMG_20211110_132719.jpg,robot_back,0.09791666666666667,0.5078125,,,0.5125,0.7859375,,
TRAINING,./image_set/IMG_20211110_132915.jpg,puck_off,0.22708333333333333,0.6921875,,,0.41458333333333336,0.759375,,
TRAINING,./image_set/IMG_20211110_132915.jpg,robot_back,0.40208333333333335,0.5125,,,0.6625,0.6984375,,
TRAINING,./image_set/IMG_20211110_132915.jpg,robot_back,0.014583333333333334,0.51875,,,0.25833333333333336,0.659375,,
TRAINING,./image_set/IMG_20211110_132841.jpg,puck_red,0.21458333333333332,0.603125,,,0.29791666666666666,0.6296875,,
TRAINING,./image_set/IMG_20211110_132841.jpg,puck_red,0.06458333333333334,0.6421875,,,0.19791666666666666,0.68125,,
TRAINING,./image_set/IMG_20211110_132124.jpg,robot_front,0.7104166666666667,0.4921875,,,1.0,0.70625,,
TRAINING,./image_set/IMG_20211110_131811.jpg,robot_back,0.30833333333333335,0.478125,,,0.78125,0.8328125,,
TRAINING,./image_set/IMG_20211110_131811.jpg,puck_off,0.5708333333333333,0.621875,,,0.70625,0.6734375,,
TRAINING,./image_set/IMG_20211110_131811.jpg,puck_red,0.9333333333333333,0.5859375,,,1.0,0.625,,
TRAINING,./image_set/IMG_20211110_132746.jpg,robot_front,0.4979166666666667,0.5140625,,,0.9041666666666667,0.8171875,,
TRAINING,./image_set/IMG_20211110_131841.jpg,puck_off,0.7229166666666667,0.8140625,,,1.0,1.0,,
TRAINING,./image_set/IMG_20211110_131830.jpg,puck_red,0.07291666666666667,0.746875,,,0.38958333333333334,0.8921875,,
TRAINING,./image_set/IMG_20211110_131830.jpg,puck_red,0.9,0.6484375,,,1.0,0.709375,,
TRAINING,./image_set/IMG_20211110_131808.jpg,robot_front,0.24375,0.471875,,,0.5729166666666666,0.7109375,,
TRAINING,./image_set/IMG_20211110_131808.jpg,puck_off,0.5041666666666667,0.5921875,,,0.6333333333333333,0.634375,,
TRAINING,./image_set/IMG_20211110_131808.jpg,puck_red,0.33958333333333335,0.75625,,,0.6666666666666666,0.9203125,,
TRAINING,./image_set/IMG_20211110_131808.jpg,puck_red,0.9125,0.575,,,1.0,0.6109375,,
TRAINING,./image_set/IMG_20211110_131938.jpg,robot_front,0.20416666666666666,0.51875,,,0.7125,1.0,,
TRAINING,./image_set/IMG_20211110_132807.jpg,robot_back,0.0020833333333333333,0.54375,,,0.22291666666666668,0.86875,,
TRAINING,./image_set/IMG_20211110_133152.jpg,robot_front,0.3875,0.50625,,,0.8020833333333334,0.8515625,,
TRAINING,./image_set/IMG_20211110_131814.jpg,puck_off,0.14375,0.5984375,,,0.2375,0.628125,,
TRAINING,./image_set/IMG_20211110_131814.jpg,robot_front,0.3770833333333333,0.521875,,,0.5333333333333333,0.653125,,
TRAINING,./image_set/IMG_20211110_131814.jpg,puck_off,0.3458333333333333,0.8296875,,,0.6979166666666666,1.0,,
TRAINING,./image_set/IMG_20211110_132020.jpg,robot_back,0.17708333333333334,0.5171875,,,0.78125,1.0,,
TRAINING,./image_set/IMG_20211110_132115.jpg,robot_back,0.3333333333333333,0.5078125,,,0.5208333333333334,0.653125,,
TRAINING,./image_set/IMG_20211110_132115.jpg,puck_red,0.4375,0.65,,,0.61875,0.70625,,
TRAINING,./image_set/IMG_20211110_132137.jpg,puck_off,0.8604166666666667,0.60625,,,1.0,0.6609375,,
TRAINING,./image_set/IMG_20211110_131928.jpg,puck_red,0.8979166666666667,0.73125,,,1.0,0.828125,,
TRAINING,./image_set/IMG_20211110_132755.jpg,robot_back,0.5916666666666667,0.5109375,,,0.90625,0.709375,,
TRAINING,./image_set/IMG_20211110_132755.jpg,puck_off,0.3875,0.771875,,,0.6916666666666667,0.91875,,
TRAINING,./image_set/IMG_20211110_132755.jpg,puck_off,0.16041666666666668,0.65625,,,0.32708333333333334,0.7015625,,
TRAINING,./image_set/IMG_20211110_132755.jpg,puck_off,0.06458333333333334,0.615625,,,0.17916666666666667,0.640625,,
TRAINING,./image_set/IMG_20211110_132755.jpg,robot_front,0.10208333333333333,0.515625,,,0.23333333333333334,0.6171875,,
TRAINING,./image_set/IMG_20211110_132017.jpg,puck_red,0.0020833333333333333,0.8640625,,,0.38958333333333334,1.0,,
TRAINING,./image_set/IMG_20211110_132017.jpg,puck_off,0.20625,0.6140625,,,0.3541666666666667,0.671875,,
TRAINING,./image_set/IMG_20211110_132017.jpg,robot_front,0.48125,0.5015625,,,0.6145833333333334,0.6015625,,
TRAINING,./image_set/IMG_20211110_132017.jpg,puck_off,0.6333333333333333,0.5921875,,,0.73125,0.621875,,
TRAINING,./image_set/IMG_20211110_132204.jpg,robot_back,0.22916666666666666,0.5171875,,,0.46458333333333335,0.6625,,
TRAINING,./image_set/IMG_20211110_132204.jpg,puck_off,0.5958333333333333,0.640625,,,0.7479166666666667,0.6890625,,
TRAINING,./image_set/IMG_20211110_132753.jpg,puck_red,0.16458333333333333,0.8328125,,,0.53125,1.0,,
TRAINING,./image_set/IMG_20211110_132753.jpg,puck_red,0.0020833333333333333,0.7015625,,,0.09375,0.7578125,,
TRAINING,./image_set/IMG_20211110_132753.jpg,robot_back,0.4166666666666667,0.528125,,,0.725,0.7328125,,
TRAINING,./image_set/IMG_20211110_132142.jpg,robot_back,0.50625,0.6921875,,,0.9729166666666667,1.0,,
TRAINING,./image_set/IMG_20211110_131946.jpg,robot_front,0.16666666666666666,0.48125,,,0.7375,0.9765625,,
TRAINING,./image_set/IMG_20211110_131946.jpg,puck_red,0.9229166666666667,0.71875,,,1.0,0.809375,,
TRAINING,./image_set/IMG_20211110_132133.jpg,robot_back,0.23958333333333334,0.5,,,0.7104166666666667,0.8078125,,
TRAINING,./image_set/IMG_20211110_132034.jpg,puck_red,0.18125,0.765625,,,0.5125,0.9296875,,
TRAINING,./image_set/IMG_20211110_132034.jpg,robot_back,0.49583333333333335,0.503125,,,0.83125,0.74375,,
TRAINING,./image_set/IMG_20211110_132359.jpg,puck_red,0.4354166666666667,0.828125,,,0.7708333333333334,1.0,,
TRAINING,./image_set/IMG_20211110_132158.jpg,puck_red,0.13541666666666666,0.89375,,,0.59375,1.0,,
TRAINING,./image_set/IMG_20211110_131950.jpg,robot_front,0.075,0.5125,,,0.3625,0.7390625,,
TRAINING,./image_set/IMG_20211110_131950.jpg,puck_red,0.525,0.65,,,0.6770833333333334,0.703125,,
TRAINING,./image_set/IMG_20211110_133214.jpg,puck_red,0.125,0.696875,,,0.35625,0.803125,,
TRAINING,./image_set/IMG_20211110_133214.jpg,robot_back,0.25,0.4828125,,,0.8645833333333334,1.0,,
TRAINING,./image_set/IMG_20211110_132822.jpg,puck_off,0.65,0.73125,,,0.9541666666666667,0.853125,,
TRAINING,./image_set/IMG_20211110_132822.jpg,puck_off,0.41875,0.61875,,,0.5583333333333333,0.6640625,,
TRAINING,./image_set/IMG_20211110_132822.jpg,robot_back,0.0020833333333333333,0.49375,,,0.2708333333333333,0.790625,,
TRAINING,./image_set/IMG_20211110_132118.jpg,robot_back,0.3875,0.64375,,,0.65,0.8515625,,
TRAINING,./image_set/IMG_20211110_132118.jpg,puck_red,0.38333333333333336,0.909375,,,0.6125,1.0,,
TRAINING,./image_set/IMG_20211110_131803.jpg,puck_off,0.0020833333333333333,0.7015625,,,0.09375,0.80625,,
TRAINING,./image_set/IMG_20211110_131803.jpg,robot_back,0.0020833333333333333,0.490625,,,0.1375,0.6609375,,
TRAINING,./image_set/IMG_20211110_131803.jpg,puck_off,0.12916666666666668,0.5671875,,,0.25833333333333336,0.60625,,
TRAINING,./image_set/IMG_20211110_131803.jpg,puck_off,0.54375,0.54375,,,0.6333333333333333,0.578125,,
TRAINING,./image_set/IMG_20211110_131803.jpg,robot_front,0.675,0.46875,,,0.8645833333333334,0.6234375,,
TRAINING,./image_set/IMG_20211110_131914.jpg,robot_back,0.475,0.484375,,,0.8416666666666667,0.7703125,,
TRAINING,./image_set/IMG_20211110_131914.jpg,puck_red,0.9229166666666667,0.5734375,,,1.0,0.6078125,,
TRAINING,./image_set/IMG_20211110_132727.jpg,puck_off,0.7270833333333333,0.7578125,,,1.0,0.928125,,
TRAINING,./image_set/IMG_20211110_133132.jpg,puck_off,0.08958333333333333,0.93125,,,0.5083333333333333,1.0,,
TRAINING,./image_set/IMG_20211110_132103.jpg,robot_front,0.00625,0.50625,,,0.21041666666666667,0.65625,,
TRAINING,./image_set/IMG_20211110_132103.jpg,puck_red,0.14791666666666667,0.653125,,,0.30833333333333335,0.7046875,,
TRAINING,./image_set/IMG_20211110_131857.jpg,puck_red,0.31666666666666665,0.59375,,,0.41041666666666665,0.6234375,,
TRAINING,./image_set/IMG_20211110_131857.jpg,robot_back,0.41875,0.5109375,,,0.625,0.646875,,
TRAINING,./image_set/IMG_20211110_131857.jpg,puck_off,0.48125,0.65625,,,0.6416666666666667,0.709375,,
TRAINING,./image_set/IMG_20211110_131849.jpg,robot_back,0.39166666666666666,0.4796875,,,0.79375,0.759375,,
TRAINING,./image_set/IMG_20211110_131816.jpg,robot_back,0.6625,0.4953125,,,1.0,0.8359375,,
TRAINING,./image_set/IMG_20211110_133143.jpg,robot_front,0.5854166666666667,0.5046875,,,0.84375,0.684375,,
TRAINING,./image_set/IMG_20211110_131918.jpg,puck_red,0.035416666666666666,0.76875,,,0.3333333333333333,0.8890625,,
TRAINING,./image_set/IMG_20211110_132353.jpg,robot_back,0.65625,0.6015625,,,1.0,1.0,,
TRAINING,./image_set/IMG_20211110_132353.jpg,puck_red,0.5916666666666667,0.603125,,,0.7104166666666667,0.65625,,
TRAINING,./image_set/IMG_20211110_131952.jpg,robot_front,0.0020833333333333333,0.515625,,,0.7229166666666667,1.0,,
TRAINING,./image_set/IMG_20211110_132102.jpg,puck_red,0.12291666666666666,0.5703125,,,0.3145833333333333,0.6390625,,
TRAINING,./image_set/IMG_20211110_132102.jpg,robot_back,0.0020833333333333333,0.4265625,,,0.2125,0.575,,
TRAINING,./image_set/IMG_20211110_131809.jpg,robot_back,0.0020833333333333333,0.4578125,,,0.29583333333333334,0.7390625,,
TRAINING,./image_set/IMG_20211110_131809.jpg,puck_off,0.17083333333333334,0.5859375,,,0.30833333333333335,0.63125,,
TRAINING,./image_set/IMG_20211110_131809.jpg,puck_off,0.14791666666666667,0.7578125,,,0.4979166666666667,0.9234375,,
TRAINING,./image_set/IMG_20211110_131809.jpg,puck_off,0.5333333333333333,0.5546875,,,0.6291666666666667,0.5828125,,
TRAINING,./image_set/IMG_20211110_131809.jpg,robot_front,0.725,0.4796875,,,0.9041666666666667,0.6265625,,
TRAINING,./image_set/IMG_20211110_133137.jpg,puck_off,0.30416666666666664,0.7796875,,,0.6104166666666667,0.915625,,
TRAINING,./image_set/IMG_20211110_133144.jpg,puck_red,0.0020833333333333333,0.915625,,,0.36041666666666666,1.0,,
TRAINING,./image_set/IMG_20211110_132824.jpg,robot_back,0.0020833333333333333,0.4890625,,,0.26875,0.784375,,
TRAINING,./image_set/IMG_20211110_132824.jpg,puck_off,0.4166666666666667,0.615625,,,0.56875,0.671875,,
TRAINING,./image_set/IMG_20211110_132824.jpg,puck_off,0.6541666666666667,0.728125,,,0.9625,0.8625,,
TRAINING,./image_set/IMG_20211110_131936.jpg,robot_front,0.0020833333333333333,0.54375,,,0.5479166666666667,1.0,,
TRAINING,./image_set/IMG_20211110_132838.jpg,robot_back,0.47291666666666665,0.4859375,,,1.0,1.0,,
TRAINING,./image_set/IMG_20211110_132819.jpg,puck_off,0.64375,0.8390625,,,1.0,1.0,,
TRAINING,./image_set/IMG_20211110_132322.jpg,robot_back,0.6770833333333334,0.49375,,,1.0,0.884375,,
TRAINING,./image_set/IMG_20211110_132322.jpg,puck_red,0.40625,0.8609375,,,0.8895833333333333,1.0,,
TRAINING,./image_set/IMG_20211110_132150.jpg,robot_front,0.325,0.5015625,,,0.47291666666666665,0.6203125,,
TRAINING,./image_set/IMG_20211110_132150.jpg,puck_off,0.6104166666666667,0.5890625,,,0.6791666666666667,0.621875,,
TRAINING,./image_set/IMG_20211110_132150.jpg,puck_red,0.89375,0.6515625,,,1.0,0.7,,
TRAINING,./image_set/IMG_20211110_132150.jpg,puck_off,0.36875,0.8953125,,,0.83125,1.0,,
TRAINING,./image_set/IMG_20211110_133202.jpg,puck_off,0.85625,0.659375,,,1.0,0.721875,,
TRAINING,./image_set/IMG_20211110_133202.jpg,robot_back,0.6458333333333334,0.5046875,,,0.8770833333333333,0.6609375,,
TRAINING,./image_set/IMG_20211110_132840.jpg,robot_back,0.0020833333333333333,0.4765625,,,0.5770833333333333,0.9484375,,
TRAINING,./image_set/IMG_20211110_132840.jpg,robot_front,0.7916666666666666,0.478125,,,0.9708333333333333,0.6046875,,
TRAINING,./image_set/IMG_20211110_132840.jpg,puck_red,0.7875,0.6890625,,,1.0,0.7921875,,
TRAINING,./image_set/IMG_20211110_131944.jpg,robot_front,0.0375,0.5296875,,,0.6958333333333333,1.0,,
TRAINING,./image_set/IMG_20211110_131818.jpg,puck_red,0.022916666666666665,0.55625,,,0.13541666666666666,0.5890625,,
TRAINING,./image_set/IMG_20211110_131818.jpg,robot_front,0.28541666666666665,0.475,,,0.45416666666666666,0.609375,,
TRAINING,./image_set/IMG_20211110_131818.jpg,puck_off,0.3875,0.7875,,,0.7541666666666667,0.975,,
TRAINING,./image_set/IMG_20211110_133149.jpg,puck_off,0.30833333333333335,0.840625,,,0.6979166666666666,1.0,,
TRAINING,./image_set/IMG_20211110_132708.jpg,puck_off,0.7583333333333333,0.7671875,,,1.0,0.91875,,
TRAINING,./image_set/IMG_20211110_132708.jpg,puck_red,0.5708333333333333,0.625,,,0.71875,0.6765625,,
TRAINING,./image_set/IMG_20211110_132708.jpg,puck_red,0.5,0.584375,,,0.5875,0.6125,,
TRAINING,./image_set/IMG_20211110_132708.jpg,robot_front,0.525,0.4984375,,,0.64375,0.584375,,
TRAINING,./image_set/IMG_20211110_131954.jpg,robot_front,0.58125,0.496875,,,1.0,0.8390625,,
TRAINING,./image_set/IMG_20211110_131954.jpg,puck_red,0.37916666666666665,0.940625,,,0.7708333333333334,1.0,,
TRAINING,./image_set/IMG_20211110_132032.jpg,puck_red,0.20208333333333334,0.628125,,,0.3875,0.6890625,,
TRAINING,./image_set/IMG_20211110_132032.jpg,robot_front,0.2604166666666667,0.48125,,,0.4,0.584375,,
TRAINING,./image_set/IMG_20211110_132032.jpg,puck_red,0.46041666666666664,0.571875,,,0.55,0.5984375,,
TRAINING,./image_set/IMG_20211110_133218.jpg,puck_off,0.016666666666666666,0.7734375,,,0.3375,0.9140625,,
TRAINING,./image_set/IMG_20211110_133218.jpg,robot_back,0.4270833333333333,0.4875,,,1.0,1.0,,
TRAINING,./image_set/IMG_20211110_132324.jpg,robot_front,0.0020833333333333333,0.484375,,,0.23125,0.71875,,
TRAINING,./image_set/IMG_20211110_132200.jpg,robot_front,0.17291666666666666,0.5140625,,,0.6833333333333333,0.9921875,,
